<?xml version="1.0" encoding="UTF-8"?>
<!DOCTYPE GEDCOM SYSTEM "family.dtd" >
<GEDCOM>
  <HeaderRec>
    <FileCreation Date="4 December" Time="04:30"></FileCreation>
    <Submitter>
      <Link Ref="submitter" Target=""/>
    </Submitter>
  </HeaderRec>
<!--
                          Simpsons
              SimpsonBronson      Hansen
       Gustavson                      Pettersen
   Gustavson
   
-->
  <FamilyRec Id="Simpsons">
    <HusbFath>
      <Link Ref="homer" Target=""/>
    </HusbFath>
    <WifeMoth>
      <Link Ref="marge" Target=""/>
    </WifeMoth>
    <Child>
      <Link Ref="bart" Target=""/>
    </Child>
    <Child>
      <Link Ref="lisa" Target=""/>
    </Child>
  </FamilyRec>
  <!-- Left -->
  <FamilyRec Id="SimpsonBronson">
    <HusbFath>
      <Link Target="" Ref="bart"/>
    </HusbFath>
    <WifeMoth>
      <Link Target="" Ref="woman1"/>
    </WifeMoth>
    <Child>
      <Link Target="" Ref="debbie"/>
    </Child>
    <Child>
      <Link Target="" Ref="wembley"/>
    </Child>
    <Child>
      <Link Target="" Ref="onslough"/>
    </Child>
  </FamilyRec>
  <FamilyRec Id="Onsloughson">
    <HusbFath>
      <Link Target="" Ref="onslough"/>
    </HusbFath>
    <WifeMoth>
      <Link Target="" Ref="newgirl"/>
    </WifeMoth>
    <Child>
      <Link Target="" Ref="peter"/>
    </Child>
  </FamilyRec>
  <FamilyRec Id="Gustavson">
    <HusbFath>
      <Link Target="" Ref="man1"/>
    </HusbFath>
    <WifeMoth>
      <Link Target="" Ref="debbie"/>
    </WifeMoth>
    <Child>
      <Link Target="" Ref="bobby"/>
    </Child>
  </FamilyRec>
  <FamilyRec Id="Gustavson2">
    <HusbFath>
      <Link Target="" Ref="bobby"/>
    </HusbFath>
    <WifeMoth>
      <Link Target="" Ref="woman2"/>
    </WifeMoth>
    <Child>
      <Link Target="" Ref="maggie"/>
    </Child>
  </FamilyRec>
  <!-- Right -->
  <FamilyRec Id="Hansen">
    <HusbFath>
      <Link Target="" Ref="mrhansen"/>
    </HusbFath>
    <WifeMoth>
      <Link Target="" Ref="lisa"/>
    </WifeMoth>
    <Child>
      <Link Target="" Ref="marger"/>
    </Child>
  </FamilyRec>
  <FamilyRec Id="Pettersen">
    <HusbFath>
      <Link Target="" Ref="mrpettersen"/>
    </HusbFath>
    <WifeMoth>
      <Link Target="" Ref="marger"/>
    </WifeMoth>
    <Child>
      <Link Target="" Ref="wimpy"/>
    </Child>
  </FamilyRec>
  
  
  
  <IndividualRec Id="peter">
    <IndivName>Peter Oddman</IndivName>
    <Gender>Male</Gender>
  </IndividualRec>
  <IndividualRec Id="newgirl">
    <IndivName>Jenny Peterson</IndivName>
    <Gender>Feale</Gender>
  </IndividualRec>
  
  <IndividualRec Id="onslough">
    <IndivName>Onslough Jackson</IndivName>
    <Gender>Male</Gender>
  </IndividualRec>  
  <IndividualRec Id="wembley">
    <IndivName>Alfred Wembley</IndivName>
    <Gender>Male</Gender>
  </IndividualRec>
  <IndividualRec Id="mrhansen">
    <IndivName>Fred Hansen</IndivName>
    <Gender>Male</Gender>
  </IndividualRec>
  <IndividualRec Id="marger">
    <IndivName>Margery Thailalumpanpan</IndivName>
    <Gender>Female</Gender>
  </IndividualRec>
  <IndividualRec Id="mrpettersen">
    <IndivName>Henrik Pettersen</IndivName>
    <Gender>Male</Gender>
  </IndividualRec>
  <IndividualRec Id="wimpy">
    <IndivName>Wimpy Pettersen</IndivName>
    <Gender>Male</Gender>
  </IndividualRec>
  <IndividualRec Id="maggie">
    <IndivName>Maggie Gustavson</IndivName>
    <Gender>Female</Gender>
  </IndividualRec>
  
  <IndividualRec Id="woman2">
    <IndivName>Lisa Charleston</IndivName>
    <Gender>Female</Gender>
  </IndividualRec>
  <IndividualRec Id="bobby">
    <IndivName>Bobby Gustavson</IndivName>
    <Gender>Male</Gender>
  </IndividualRec>
  
  <IndividualRec Id="man1">
    <IndivName>Olle Gustavson</IndivName>
    <Gender>Male</Gender>
  </IndividualRec>
  
  <IndividualRec Id="debbie">
    <IndivName >Debbie Simpson Bronson</IndivName>
    <Gender>Female</Gender>
  </IndividualRec>
  <IndividualRec Id="woman1">
    <IndivName >Millie Bronson</IndivName>
    <Gender>Female</Gender>
  </IndividualRec>
  <IndividualRec Id="submitter">
    <IndivName >Stian Johansen</IndivName>
    <Gender>Male</Gender>
  </IndividualRec>
  <IndividualRec Id="homer">
    <IndivName >Homer Simpson</IndivName>
    <Gender>Male</Gender>
  </IndividualRec>
  <IndividualRec Id="marge">
    <IndivName >Marge Simpson</IndivName>
    <Gender>Female</Gender>
  </IndividualRec>
  <IndividualRec Id="lisa">
    <IndivName >Lisa Simpson</IndivName>
    <Gender>Female</Gender>
  </IndividualRec>
  <IndividualRec Id="bart">
    <IndivName >Bart Simpson</IndivName>
    <Gender>Male</Gender>
  </IndividualRec>
</GEDCOM>
